"date,""heure"",""file"",""notice"""
"18/05/2022,""13:02:27"",419,315"
"18/05/2022,""17:36:01"",440,333"
"20/05/2022,""9:49:23"",470,359"
"21/05/2022,""8:28:56"",502,377"
"22/05/2022,""7:44:46"",558,455"
"22/05/2022,""20:35:43"",571,467"
"23/05/2022,""10:27:38"",589,480"
"24/05/2022,""11:34:10"",652,489"
"25/05/2022,""12:56:35"",655,491"
"27/05/2022,""17:53:40"",684,513"
"28/05/2022,""9:19:52"",697,523"
"29/05/2022,""10:40:57"",719,539"
"29/05/2022,""17:48:45"",723,542"
"30/05/2022,""16:14:30"",743,557"
"31/05/2022,""13:33:52"",779,585"
"01/06/2022,""8:11:58"",788,591"
"02/06/2022,""13:29:59"",809,607"
"03/06/2022,""15:59:25"",828,621"
"04/06/2022,""11:32:18"",854,641"
"04/06/2022,""16:48:30"",906,680"
"05/06/2022,""13:29:59"",1002,752"
"06/06/2022,""8:11:58"",1078,808"
"07/06/2022,""10:54:56"",1087,815"
"09/06/2022,""19:34:55"",1103,827"
"10/06/2022,""9:41:08"",1138,853"
"11/06/2022,""14:02:58"",1160,870"
"12/06/2022,""10:09:03"",1205,903"
"12/06/2022,""15:53:57"",1239,929"
"13/06/2022,""16:47:38"",1247,935"
